time_s,temp_c,fan_duty_pct
0.0,20.5,20.0
1.0152952671051025,20.5,20.0
2.0152642726898193,20.5,20.0
3.015162706375122,20.5,20.0
4.015434741973877,20.5,20.0
5.015430927276611,20.6,20.0
6.015733957290649,20.6,20.0
7.015424489974976,20.5,20.0
8.015865802764893,20.5,20.0
9.015673160552979,20.6,20.0
10.031212329864502,20.6,20.0
11.031774044036865,20.6,20.0
12.031740188598633,20.6,20.0
13.032121658325195,20.6,20.0
14.032212495803833,20.6,20.0
15.03101921081543,20.6,20.0
16.032273769378662,20.7,20.0
17.048242330551147,20.7,20.0
18.048532485961914,20.7,20.0
19.049005031585693,20.7,20.0
20.049159288406372,20.8,20.0
21.049310445785522,20.8,20.0
22.0489501953125,20.9,20.0
23.04919743537903,21.0,20.0
24.04910397529602,21.0,20.0
25.064661264419556,21.0,20.0
26.06468367576599,21.1,20.0
27.064348459243774,21.1,20.0
28.064342737197876,21.2,20.0
29.063897848129272,21.2,20.0
30.065072536468506,21.3,20.0
31.065184593200684,21.4,20.0
32.06552982330322,21.5,20.0
33.06522083282471,21.5,20.0
34.064950704574585,21.7,20.0
35.06547570228577,21.8,20.0
36.06561636924744,21.8,20.0
37.06530785560608,21.9,20.0
38.06550121307373,22.0,20.0
39.065369606018066,22.1,20.0
40.08103108406067,22.1,20.0
41.08094382286072,22.3,20.0
42.08192157745361,22.4,20.0
43.080949544906616,22.4,20.0
44.081814765930176,22.4,20.0
45.08992600440979,22.6,20.0
46.08876037597656,22.6,20.0
47.09716582298279,22.7,20.0
48.09813189506531,22.7,20.0
49.098353147506714,22.8,20.0
50.0981068611145,22.8,20.0
51.09843945503235,22.9,20.0
52.098076581954956,23.0,20.0
53.09823441505432,23.0,20.0
54.09850835800171,23.1,20.0
55.098742723464966,23.2,20.0
56.09888291358948,23.3,20.0
57.098594665527344,23.4,20.0
58.09886574745178,23.5,20.0
59.11451244354248,23.6,20.0
60.11479043960571,23.7,20.0
61.114808082580566,23.8,20.0
62.114927530288696,23.9,20.0
63.11507797241211,24.0,20.0
64.1147608757019,24.2,20.0
65.13008570671082,24.4,20.0
66.1313829421997,24.4,20.0
67.13179063796997,24.5,20.0
68.13145232200623,24.6,20.0
69.13159227371216,24.8,20.0
70.13205552101135,24.9,20.0
71.13127064704895,25.0,20.0
72.1318736076355,25.2,20.0
73.13966917991638,25.3,20.0
74.14690852165222,25.4,20.0
75.1515281200409,25.5,20.0
76.16278195381165,25.6,20.0
77.16508150100708,25.8,20.0
78.16488766670227,25.9,20.0
79.16464400291443,26.1,20.0
80.1780936717987,26.2,20.0
81.18657279014587,26.3,20.0
82.20015454292297,26.4,20.0
83.21379256248474,26.6,20.0
84.22579288482666,26.7,20.0
85.23760652542114,26.9,20.0
86.23903250694275,27.0,20.0
87.24595665931702,27.1,20.0
88.24776577949524,27.3,20.0
89.24766397476196,27.5,20.0
90.24800777435303,27.7,20.0
91.25863790512085,27.7,20.0
92.26513910293579,27.8,20.0
93.26862716674805,28.0,20.0
94.27044081687927,28.2,20.0
95.27581477165222,28.3,20.0
96.2778422832489,28.4,20.0
97.28093385696411,28.5,20.0
98.28153991699219,28.7,20.0
99.28391122817993,28.8,20.0
100.28400874137878,29.0,20.0
101.28956294059753,29.1,20.0
102.29364681243896,29.3,20.0
103.29398036003113,29.4,20.0
104.29481673240662,29.5,20.0
105.29763007164001,29.7,20.0
106.30086493492126,29.8,20.0
107.30262780189514,30.0,20.0
108.30339908599854,30.1,20.0
109.30364084243774,30.2,20.0
110.30648374557495,30.4,20.0
111.31040477752686,30.5,20.0
112.31171035766602,30.6,20.0
113.31349635124207,30.8,20.0
114.31805896759033,30.9,20.0
115.31778979301453,31.1,20.0
116.31859564781189,31.3,20.0
117.3230721950531,31.4,20.0
118.32363629341125,31.5,20.0
119.3257908821106,31.7,20.0
120.32840633392334,31.8,20.0
121.33465385437012,32.0,20.0
122.33599615097046,32.1,20.0
123.33646416664124,32.2,20.0
124.33658766746521,32.4,20.0
125.34174180030823,32.6,20.0
126.34654116630554,32.7,20.0
127.34679317474365,32.8,20.0
128.34815096855164,33.0,20.0
129.35160899162292,33.2,20.0
130.35445976257324,33.3,20.0
131.35772585868835,33.4,20.0
132.3607349395752,33.6,20.0
133.3633599281311,33.7,20.0
134.36348795890808,33.9,20.0
135.36931562423706,34.0,20.0
136.37197065353394,34.2,20.0
137.37796306610107,34.3,20.0
138.38161611557007,34.5,20.0
139.38160490989685,34.6,20.0
140.38259935379028,34.7,20.0
141.38256216049194,34.9,20.0
142.38631343841553,35.0,20.0
143.39066648483276,35.1,20.0
144.39129376411438,35.3,20.0
145.39644503593445,35.4,20.0
146.40258741378784,35.5,20.0
147.40791296958923,35.7,20.0
148.41046237945557,35.8,20.0
149.41784858703613,36.0,20.0
150.4214038848877,36.2,20.0
151.4253795146942,36.3,20.0
152.4252302646637,36.5,20.0
153.43173003196716,36.6,20.0
154.4324345588684,36.7,20.0
155.43443250656128,36.9,20.0
156.43453550338745,37.0,20.0
157.43395280838013,37.1,20.0
158.43450331687927,37.3,20.0
159.43519353866577,37.4,20.0
160.4367573261261,37.6,20.0
161.44324851036072,37.7,20.0
162.44610357284546,37.9,20.0
163.44661116600037,38.0,20.0
164.4476659297943,38.2,20.0
165.44918870925903,38.3,20.0
166.45461297035217,38.4,20.0
167.45452523231506,38.6,20.0
168.4667456150055,38.7,20.0
169.47768759727478,38.8,20.0
170.4778115749359,39.0,20.0
171.48003458976746,39.2,20.0
172.48688197135925,39.4,20.0
173.49216032028198,39.5,20.0
174.5000982284546,39.7,20.0
175.50059294700623,39.7,20.0
176.50582838058472,40.0,20.0
177.50780844688416,40.1,27.0
178.50864028930664,40.2,35.0
179.5085141658783,40.2,35.0
180.52241134643555,40.1,35.0
181.53030562400818,40.1,35.0
182.5307216644287,40.2,35.0
183.5303282737732,40.2,35.0
184.53130412101746,40.3,35.0
185.53127717971802,40.4,35.0
186.53380703926086,40.4,35.0
187.53538298606873,40.5,35.0
188.54759526252747,40.6,35.0
189.54963636398315,40.7,35.0
190.56393599510193,40.8,35.0
191.57144856452942,40.9,35.0
192.57217288017273,41.0,35.0
193.5776653289795,41.1,35.0
194.58258295059204,41.2,35.0
195.5883960723877,41.3,35.0
196.59460258483887,41.4,35.0
197.59761929512024,41.5,35.0
198.60496187210083,41.6,35.0
199.60512447357178,41.7,35.0
200.6124358177185,41.8,35.0
201.61441135406494,41.9,35.0
202.61555767059326,42.1,35.0
203.62136149406433,42.1,35.0
204.62171864509583,42.2,35.0
205.6272337436676,42.4,35.0
206.6314833164215,42.5,35.0
207.6340730190277,42.6,35.0
208.63889527320862,42.6,35.0
209.64107823371887,42.7,35.0
210.6501109600067,42.8,35.0
211.65212059020996,43.0,35.0
212.65418934822083,43.1,35.0
213.65412735939026,43.2,35.0
214.655020236969,43.3,35.0
215.65429878234863,43.4,35.0
216.65651297569275,43.5,35.0
217.65773010253906,43.7,35.0
218.6580991744995,43.8,35.0
219.66848945617676,43.9,35.0
220.68024921417236,44.0,35.0
221.686026096344,44.2,35.0
222.68573713302612,44.3,35.0
223.68627285957336,44.4,35.0
224.6892900466919,44.5,35.0
225.69334626197815,44.7,35.0
226.69622993469238,44.8,35.0
227.6966211795807,45.0,35.0
228.69844031333923,45.1,35.0
229.70667624473572,45.2,35.0
230.7075502872467,45.3,35.0
231.71335887908936,45.4,35.0
232.7140052318573,45.5,35.0
233.7150640487671,45.6,35.0
234.71740412712097,45.6,35.0
235.72302079200745,45.7,35.0
236.7285659313202,45.8,35.0
237.72898602485657,46.0,35.0
238.73010754585266,46.1,35.0
239.734534740448,46.2,35.0
240.73758459091187,46.2,35.0
241.7430772781372,46.3,35.0
242.74610424041748,46.5,35.0
243.7459819316864,46.6,35.0
244.74837708473206,46.7,35.0
245.7502510547638,46.8,35.0
246.75202918052673,46.8,35.0
247.75553059577942,47.0,35.0
248.7560794353485,47.0,35.0
249.76102828979492,47.2,35.0
250.76387000083923,47.3,35.0
251.7689197063446,47.3,35.0
252.77865266799927,47.5,35.0
253.77978014945984,47.6,35.0
254.78506779670715,47.6,35.0
255.78905296325684,47.7,35.0
256.79508996009827,47.9,35.0
257.79860949516296,48.0,35.0
258.79859161376953,48.1,35.0
259.80087423324585,48.2,35.0
260.8029029369354,48.3,35.0
261.8032658100128,48.4,35.0
262.80987215042114,48.5,35.0
263.81318068504333,48.6,35.0
264.8231530189514,48.7,35.0
265.82508873939514,48.8,35.0
266.82989478111267,48.9,35.0
267.83388090133667,49.0,35.0
268.8352093696594,49.1,35.0
269.8378448486328,49.2,35.0
270.8380000591278,49.3,35.0
271.8446514606476,49.5,35.0
272.8473002910614,49.6,35.0
273.8474631309509,49.9,35.0
274.85609316825867,50.0,35.0
275.8614275455475,50.0,39.0
276.86110496520996,50.1,50.0
277.86924266815186,50.0,50.0
278.87330746650696,50.0,50.0
279.87621331214905,49.9,50.0
280.8783962726593,49.9,50.0
281.88275146484375,49.9,50.0
282.8881108760834,49.9,50.0
283.89179587364197,49.9,50.0
284.8951711654663,50.0,50.0
285.9011480808258,50.0,50.0
286.9028413295746,50.0,50.0
287.9030156135559,50.0,50.0
288.91122102737427,50.1,50.0
289.9109241962433,50.1,50.0
290.9135684967041,50.1,50.0
291.9159152507782,50.2,50.0
292.9173445701599,50.2,50.0
293.9217474460602,50.2,50.0
294.92396450042725,50.3,50.0
295.9262475967407,50.4,50.0
296.9356846809387,50.5,50.0
297.93608927726746,50.5,50.0
298.94302248954773,50.5,50.0
299.94588351249695,50.6,50.0
300.9458374977112,50.6,50.0
301.94712686538696,50.7,50.0
302.9521498680115,50.7,50.0
303.9540503025055,50.8,50.0
304.961222410202,50.8,50.0
305.96444725990295,50.9,50.0
306.97316098213196,51.0,50.0
307.9737319946289,51.0,50.0
308.9798321723938,51.1,50.0
309.98203206062317,51.2,50.0
310.98575162887573,51.2,50.0
311.9930717945099,51.2,50.0
312.9947292804718,51.3,50.0
313.9946312904358,51.4,50.0
315.00214171409607,51.4,50.0
316.0072739124298,51.5,50.0
317.00900435447693,51.6,50.0
318.0145616531372,51.7,50.0
319.01589941978455,51.7,50.0
320.0249373912811,51.8,50.0
321.0298113822937,51.8,50.0
322.0346956253052,51.9,50.0
323.03471207618713,51.9,50.0
324.0386052131653,52.0,50.0
325.04281783103943,52.1,50.0
326.0428454875946,52.1,50.0
327.0457103252411,52.2,50.0
328.0480194091797,52.2,50.0
329.0615162849426,52.4,50.0
330.0610616207123,52.4,50.0
331.0689969062805,52.5,50.0
332.0684816837311,52.5,50.0
333.07403802871704,52.6,50.0
334.0779047012329,52.7,50.0
335.0802946090698,52.7,50.0
336.08056688308716,52.8,50.0
337.08121132850647,52.8,50.0
338.08616638183594,52.9,50.0
339.08996176719666,52.9,50.0
340.08961153030396,53.0,50.0
341.09562134742737,53.0,50.0
342.0969820022583,53.1,50.0
343.0978274345398,53.2,50.0
344.09748935699463,53.2,50.0
345.1069173812866,53.3,50.0
346.11066246032715,53.3,50.0
347.1146504878998,53.4,50.0
348.1184494495392,53.4,50.0
349.12462091445923,53.5,50.0
350.13148617744446,53.6,50.0
351.13310742378235,53.6,50.0
352.138911485672,53.7,50.0
353.14104175567627,53.7,50.0
354.1417133808136,53.8,50.0
355.15255069732666,53.9,50.0
356.1530508995056,53.9,50.0
357.15411281585693,54.0,50.0
358.16053223609924,54.1,50.0
359.1610333919525,54.1,50.0
360.16068029403687,54.2,50.0
361.1684150695801,54.3,50.0
362.1706156730652,54.3,50.0
363.17270159721375,54.4,50.0
364.1777184009552,54.5,50.0
365.17962169647217,54.5,50.0
366.1812183856964,54.6,50.0
367.18659710884094,54.7,50.0
368.1903786659241,54.7,50.0
369.1937036514282,54.8,50.0
370.19806814193726,54.8,50.0
371.19971656799316,54.9,50.0
372.2016634941101,55.0,50.0
373.2049880027771,55.1,50.0
374.2105166912079,55.1,50.0
375.2118525505066,55.2,50.0
376.2155542373657,55.2,50.0
377.21896171569824,55.3,50.0
378.22246980667114,55.4,50.0
379.22278237342834,55.5,50.0
380.22235083580017,55.5,50.0
381.22680497169495,55.5,50.0
382.2305109500885,55.6,50.0
383.23142170906067,55.6,50.0
384.2316343784332,55.6,50.0
385.2365412712097,55.7,50.0
386.2378010749817,55.8,50.0
387.24467182159424,55.8,50.0
388.24535870552063,55.9,50.0
389.24595499038696,56.0,50.0
390.24692034721375,56.1,50.0
391.2528655529022,56.1,50.0
392.2530291080475,56.1,50.0
393.2557966709137,56.2,50.0
394.25824308395386,56.3,50.0
395.26177954673767,56.3,50.0
396.2626757621765,56.4,50.0
397.2644908428192,56.5,50.0
398.26522564888,56.5,50.0
399.26935625076294,56.5,50.0
400.27338123321533,56.6,50.0
401.27836418151855,56.7,50.0
402.27885484695435,56.7,50.0
403.2784116268158,56.8,50.0
404.28361320495605,56.8,50.0
405.28560185432434,56.9,50.0
406.28676438331604,56.9,50.0
407.2904682159424,57.0,50.0
408.29371309280396,57.0,50.0
409.2946734428406,57.1,50.0
410.29731822013855,57.2,50.0
411.3016154766083,57.2,50.0
412.30111145973206,57.3,50.0
413.3116567134857,57.3,50.0
414.31148624420166,57.4,50.0
415.3123905658722,57.4,50.0
416.3166675567627,57.5,50.0
417.31826519966125,57.5,50.0
418.3206145763397,57.6,50.0
419.3207530975342,57.7,50.0
420.32811975479126,57.7,50.0
421.330748796463,57.8,50.0
422.3354709148407,57.8,50.0
423.3357696533203,57.9,50.0
424.33756041526794,57.9,50.0
425.34072756767273,58.0,50.0
426.3427848815918,58.0,50.0
427.34948325157166,58.1,50.0
428.3542318344116,58.2,50.0
429.35740637779236,58.2,50.0
430.3617377281189,58.3,50.0
431.3645350933075,58.4,50.0
432.36827301979065,58.4,50.0
433.36862778663635,58.5,50.0
434.37127709388733,58.6,50.0
435.3746120929718,58.6,50.0
436.378933429718,58.7,50.0
437.3812153339386,58.7,50.0
438.38730669021606,58.8,50.0
439.39162969589233,58.8,50.0
440.39347767829895,58.9,50.0
441.39862847328186,58.9,50.0
442.4002642631531,59.0,50.0
443.40662479400635,59.0,50.0
444.4085235595703,59.1,50.0
445.41208028793335,59.2,50.0
446.41530990600586,59.3,50.0
447.41627526283264,59.3,50.0
448.42662024497986,59.3,50.0
449.4301211833954,59.4,50.0
450.43131923675537,59.4,50.0
451.43224573135376,59.5,50.0
452.434308052063,59.6,50.0
453.43667435646057,59.6,50.0
454.43650579452515,59.7,50.0
455.4421992301941,59.7,50.0
456.44439601898193,59.8,50.0
457.4501266479492,59.8,50.0
458.452255487442,59.9,50.0
459.4557387828827,60.0,50.0
460.45839262008667,60.0,50.0
461.45850801467896,60.0,64.0
462.4625291824341,60.0,65.0
463.4653570652008,60.0,65.0
464.4650595188141,59.9,65.0
465.4683291912079,59.9,65.0
466.469144821167,59.9,65.0
467.47042298316956,59.8,65.0
468.4792535305023,59.8,65.0
469.4821388721466,59.8,65.0
470.4849019050598,59.7,65.0
471.4857351779938,59.6,65.0
472.48515915870667,59.6,65.0
473.4942662715912,59.5,65.0
474.49509930610657,59.5,65.0
475.4966232776642,59.5,65.0
476.5010824203491,59.5,65.0
477.5027747154236,59.5,65.0
478.5061626434326,59.4,65.0
479.50800371170044,59.4,65.0
480.5083067417145,59.3,65.0
481.5121684074402,59.3,65.0
482.51483726501465,59.3,65.0
483.52028703689575,59.3,65.0
484.52632117271423,59.3,65.0
485.5287961959839,59.3,65.0
486.53601336479187,59.3,65.0
487.54317355155945,59.3,65.0
488.54502153396606,59.3,65.0
489.54781341552734,59.3,65.0
490.55122566223145,59.3,65.0
491.55227637290955,59.3,65.0
492.55758142471313,59.3,65.0
493.5583772659302,59.3,65.0
494.55841851234436,59.4,65.0
495.5610771179199,59.5,65.0
496.56090927124023,59.5,65.0
497.56658959388733,59.6,65.0
498.5672571659088,59.7,65.0
499.5670328140259,59.8,65.0
500.5769374370575,59.9,65.0
501.58323526382446,60.0,65.0
502.58360624313354,60.0,65.0
503.59153008461,59.9,65.0
504.5980703830719,59.9,65.0
505.5993187427521,59.9,65.0
506.6001808643341,60.0,65.0
507.60804200172424,60.1,65.0
508.6089792251587,60.3,65.0
509.6091876029968,60.2,65.0
510.6099691390991,60.2,65.0
511.6133406162262,60.2,65.0
512.615923166275,60.2,65.0
513.617273569107,60.2,65.0
514.622542142868,60.2,65.0
515.6266899108887,60.1,65.0
516.6295762062073,60.1,65.0
517.6328797340393,60.1,65.0
518.633416891098,60.2,65.0
519.6354603767395,60.3,65.0
520.6408298015594,60.5,65.0
521.6412487030029,60.7,65.0
522.6463136672974,60.8,65.0
523.6523907184601,60.8,65.0
524.6532917022705,60.6,65.0
525.6579566001892,60.4,65.0
526.659006357193,60.4,65.0
527.659886598587,60.4,65.0
528.6618404388428,60.4,65.0
529.6654598712921,60.3,65.0
530.665454864502,60.3,65.0
531.6688661575317,60.3,65.0
532.6717886924744,60.3,65.0
533.6788883209229,60.3,65.0
534.6800301074982,60.4,65.0
535.6862978935242,60.5,65.0
536.6868839263916,60.6,65.0
537.6877906322479,60.6,65.0
538.6940641403198,60.6,65.0
539.6989724636078,60.6,65.0
540.700968503952,60.6,65.0
541.7124865055084,60.5,65.0
542.7125532627106,60.5,65.0
543.7183501720428,60.5,65.0
544.7198567390442,60.4,65.0
545.7289431095123,60.5,65.0
546.7302715778351,60.5,65.0
547.7302904129028,60.5,65.0
548.7349824905396,60.5,65.0
549.7369735240936,60.5,65.0
550.7449479103088,60.5,65.0
551.745165348053,60.5,65.0
552.7462964057922,60.6,65.0
553.7500562667847,60.6,65.0
554.7549748420715,60.6,65.0
555.7562217712402,60.6,65.0
556.7562003135681,60.6,65.0
557.7640352249146,60.7,65.0
558.7642691135406,60.7,65.0
559.7680368423462,60.7,65.0
560.7731187343597,60.7,65.0
561.7758779525757,60.7,65.0
562.779981136322,60.7,65.0
563.7791557312012,60.8,65.0
564.7830386161804,60.8,65.0
565.7885210514069,60.8,65.0
566.7921175956726,60.8,65.0
567.7929859161377,60.8,65.0
568.7929542064667,60.9,65.0
569.7988488674164,60.9,65.0
570.8019211292267,60.9,65.0
571.8012592792511,60.9,65.0
572.8061447143555,60.9,65.0
573.8093132972717,61.0,65.0
574.8111882209778,61.0,65.0
575.817937374115,61.0,65.0
576.8227984905243,61.0,65.0
577.8266077041626,61.0,65.0
578.8268196582794,61.1,65.0
579.8338251113892,61.1,65.0
580.8360388278961,61.1,65.0
581.8366997241974,61.2,65.0
582.842787027359,61.2,65.0
583.8441636562347,61.2,65.0
584.8513042926788,61.2,65.0
585.8527505397797,61.2,65.0
586.8542816638947,61.2,65.0
587.8581118583679,61.3,65.0
588.8598980903625,61.3,65.0
589.8627443313599,61.3,65.0
590.8686726093292,61.3,65.0
591.8708941936493,61.3,65.0
592.8721311092377,61.4,65.0
593.8743643760681,61.4,65.0
594.8760566711426,61.4,65.0
595.8792004585266,61.5,65.0
596.8860676288605,61.5,65.0
597.8898777961731,61.5,65.0
598.8908724784851,61.5,65.0
599.8909106254578,61.6,65.0
600.8925974369049,61.6,65.0
601.8957412242889,61.6,65.0
602.8987329006195,61.6,65.0
603.9018042087555,61.7,65.0
604.9070281982422,61.7,65.0
605.9080891609192,61.7,65.0
606.9107143878937,61.8,65.0
607.9106361865997,61.8,65.0
608.9157545566559,61.8,65.0
609.9197154045105,61.8,65.0
610.9208784103394,61.8,65.0
611.9208006858826,61.8,65.0
612.9207763671875,61.8,65.0
613.9292075634003,61.8,65.0
614.9293587207794,61.8,65.0
615.9327485561371,61.8,65.0
616.9410963058472,61.8,65.0
617.9409303665161,61.8,65.0
618.9421570301056,61.9,65.0
619.9456462860107,61.9,65.0
620.9457123279572,61.9,65.0
621.94757604599,61.9,65.0
622.9500188827515,61.9,65.0
623.9498445987701,61.9,65.0
624.950003862381,62.0,65.0
625.962128162384,62.0,65.0
626.9648058414459,62.0,65.0
627.9741814136505,62.0,65.0
628.973883152008,62.1,65.0
629.9741768836975,62.1,65.0
630.9826192855835,62.1,65.0
631.9828915596008,62.1,65.0
632.9880332946777,62.2,65.0
633.9931728839874,62.2,65.0
634.9989259243011,62.2,65.0
636.0003526210785,62.2,65.0
637.0035421848297,62.3,65.0
638.0033485889435,62.3,65.0
639.0097997188568,62.3,65.0
640.0135598182678,62.3,65.0
641.0204310417175,62.3,65.0
642.0246436595917,62.3,65.0
643.0266988277435,62.3,65.0
644.028112411499,62.3,65.0
645.0309638977051,62.3,65.0
646.0376579761505,62.3,65.0
647.0405685901642,62.4,65.0
648.0405757427216,62.4,65.0
649.0501432418823,62.4,65.0
650.0596780776978,62.4,65.0
651.061815738678,62.4,65.0
652.0758781433105,62.4,65.0
653.076470375061,62.4,65.0
654.0770962238312,62.5,65.0
655.0865845680237,62.5,65.0
656.1004137992859,62.5,65.0
657.1003532409668,62.6,65.0
658.1118199825287,62.6,65.0
659.1260621547699,62.6,65.0
660.1255826950073,62.6,65.0
661.1405625343323,62.6,65.0
662.1535167694092,62.7,65.0
663.1538035869598,62.7,65.0
664.1635999679565,62.7,65.0
665.177661895752,62.7,65.0
666.1915125846863,62.7,65.0
667.2046172618866,62.7,65.0
668.2192554473877,62.7,65.0
669.2195122241974,62.7,65.0
670.2336966991425,62.8,65.0
671.2337436676025,62.8,65.0
672.2429528236389,62.8,65.0
673.257586479187,62.8,65.0
674.267333984375,62.9,65.0
675.2808082103729,62.8,65.0
676.292412519455,62.9,65.0
677.3056256771088,62.9,65.0
678.3163509368896,62.9,65.0
679.328376531601,62.9,65.0
680.3307726383209,62.9,65.0
681.3406894207001,63.0,65.0
682.3543081283569,63.0,65.0
683.36532330513,63.0,65.0
684.3725781440735,63.0,65.0
685.3715441226959,63.0,65.0
686.382652759552,63.0,65.0
687.3958353996277,63.0,65.0
688.4058020114899,63.0,65.0
689.4131631851196,63.0,65.0
690.4215714931488,63.0,65.0
691.431622505188,63.0,65.0
692.4426605701447,63.0,65.0
693.4557971954346,63.0,65.0
694.4684088230133,63.0,65.0
695.4675583839417,63.0,65.0
696.4753053188324,63.0,65.0
697.4778397083282,63.1,65.0
698.4810152053833,63.1,65.0
699.4809093475342,63.1,65.0
700.4842190742493,63.1,65.0
701.4889521598816,63.1,65.0
702.4905376434326,63.1,65.0
703.4907078742981,63.1,65.0
704.4923975467682,63.2,65.0
705.4982607364655,63.2,65.0
706.500298500061,63.2,65.0
707.5026865005493,63.2,65.0
708.5086164474487,63.2,65.0
709.5086901187897,63.2,65.0
710.5100884437561,63.2,65.0
711.514600276947,63.2,65.0
712.5185787677765,63.2,65.0
713.5233023166656,63.2,65.0
714.5254318714142,63.2,65.0
715.5289905071259,63.2,65.0
716.5326159000397,63.2,65.0
717.5342171192169,63.2,65.0
718.5353064537048,63.2,65.0
719.5407719612122,63.2,65.0
720.5464599132538,63.3,65.0
721.5500376224518,63.3,65.0
722.5507853031158,63.3,65.0
723.556280374527,63.3,65.0
724.5586068630219,63.3,65.0
725.5586631298065,63.4,65.0
726.5642116069794,63.4,65.0
727.5674023628235,63.5,65.0
728.5732374191284,63.5,65.0
729.5791285037994,63.5,65.0
730.5831868648529,63.5,65.0
731.5831892490387,63.5,65.0
732.5851933956146,63.5,65.0
733.5850706100464,63.5,65.0
734.5862491130829,63.5,65.0
735.5886573791504,63.5,65.0
736.598620891571,63.5,65.0
737.5994217395782,63.5,65.0
738.6061582565308,63.5,65.0
739.6133451461792,63.6,65.0
740.6130027770996,63.5,65.0
741.622307062149,63.6,65.0
742.6254317760468,63.6,65.0
743.6284685134888,63.6,65.0
744.6287751197815,63.7,65.0
745.6333179473877,63.7,65.0
746.6355607509613,63.7,65.0
747.6365089416504,63.8,65.0
748.6385176181793,63.8,65.0
749.6434271335602,63.8,65.0
750.6443727016449,63.8,65.0
751.6480777263641,63.8,65.0
752.6515851020813,63.9,65.0
753.6523561477661,63.9,65.0
754.6561908721924,64.0,65.0
755.6596534252167,64.0,65.0
756.6637232303619,64.0,65.0
757.665522813797,64.0,65.0
758.6715974807739,64.0,65.0
759.6725852489471,64.0,65.0
760.6801805496216,64.0,65.0
761.6815099716187,64.0,65.0
762.6861000061035,64.0,65.0
763.6861381530762,64.0,65.0
764.6889433860779,64.0,65.0
765.6890716552734,64.0,65.0
766.6884124279022,64.0,65.0
767.6981542110443,64.0,65.0
768.6985046863556,64.0,65.0
769.7049984931946,64.0,65.0
770.7048647403717,64.0,65.0
771.7060441970825,64.0,65.0
772.7133619785309,64.1,65.0
773.7129833698273,64.1,65.0
774.7216563224792,64.1,65.0
775.7236616611481,64.0,65.0
776.7282495498657,64.1,65.0
777.7306115627289,64.1,65.0
778.7330513000488,64.1,65.0
779.7402713298798,64.1,65.0
780.742356300354,64.2,65.0
781.7429888248444,64.1,65.0
782.7482643127441,64.2,65.0
783.7583894729614,64.2,65.0
784.759272813797,64.2,65.0
785.7592926025391,64.2,65.0
786.7641849517822,64.3,65.0
787.7638111114502,64.3,65.0
788.7759754657745,64.3,65.0
789.7833683490753,64.3,65.0
790.7830243110657,64.3,65.0
791.7881569862366,64.3,65.0
792.7893781661987,64.3,65.0
793.7932159900665,64.4,65.0
794.7943255901337,64.3,65.0
795.8004329204559,64.3,65.0
796.8017735481262,64.4,65.0
797.8013823032379,64.4,65.0
798.8073515892029,64.4,65.0
799.8153932094574,64.4,65.0
800.8160676956177,64.4,65.0
801.8222756385803,64.4,65.0
802.8234338760376,64.4,65.0
803.8284969329834,64.4,65.0
804.83287525177,64.4,65.0
805.8341827392578,64.5,65.0
806.8414614200592,64.5,65.0
807.8464715480804,64.5,65.0
808.8461904525757,64.5,65.0
809.8492977619171,64.5,65.0
810.8499784469604,64.5,65.0
811.8500030040741,64.5,65.0
812.8601863384247,64.5,65.0
813.864063501358,64.5,65.0
814.8660080432892,64.6,65.0
815.8689367771149,64.6,65.0
816.8712222576141,64.6,65.0
817.8721299171448,64.6,65.0
818.8719356060028,64.6,65.0
819.8821308612823,64.6,65.0
820.8847031593323,64.6,65.0
821.8885197639465,64.7,65.0
822.8918974399567,64.7,65.0
823.892849445343,64.7,65.0
824.895090341568,64.7,65.0
825.9000198841095,64.7,65.0
826.9009974002838,64.7,65.0
827.9012229442596,64.8,65.0
828.9008936882019,64.8,65.0
829.9053747653961,64.8,65.0
830.9152281284332,64.8,65.0
831.9190716743469,64.7,65.0
832.920243024826,64.8,65.0
833.9197764396667,64.8,65.0
834.9269800186157,64.9,65.0
835.9291234016418,64.9,65.0
836.9283676147461,64.9,65.0
837.9378998279572,64.9,65.0
838.9472932815552,65.0,65.0
839.9475779533386,64.9,65.0
840.9510486125946,65.0,65.0
841.9548239707947,64.9,65.0
842.956903219223,65.0,65.0
843.9570028781891,65.0,65.0
844.9658253192902,65.0,65.0
845.9729607105255,65.0,65.0
846.9733185768127,65.0,65.0
847.9782779216766,65.0,65.0
848.9800329208374,65.0,65.0
849.9826846122742,65.0,65.0
850.9819278717041,65.0,65.0
851.989807844162,65.0,65.0
852.9950001239777,65.1,65.0
853.9960730075836,65.1,65.0
855.0030999183655,65.1,65.0
856.0040502548218,65.1,65.0
857.0048410892487,65.1,65.0
858.0057535171509,65.1,65.0
859.006106376648,65.1,65.0
860.0109777450562,65.1,65.0
861.0142645835876,65.1,65.0
862.0230317115784,65.2,65.0
863.0246562957764,65.2,65.0
864.0276920795441,65.2,81.0
865.0275342464447,65.2,100.0
866.0321636199951,65.1,100.0
867.0347285270691,65.0,100.0
868.034811258316,64.9,100.0
869.0442087650299,64.7,100.0
870.0457243919373,64.5,100.0
871.051727771759,64.4,100.0
872.0539045333862,64.3,100.0
873.0560789108276,64.2,100.0
874.0587241649628,64.0,100.0
875.0616245269775,63.9,100.0
876.066862821579,63.8,100.0
877.0698742866516,63.7,100.0
878.0746719837189,63.7,100.0
879.0746624469757,63.6,100.0
880.0785777568817,63.5,100.0
881.0786445140839,63.5,100.0
882.0831506252289,63.4,100.0
883.0832591056824,63.3,100.0
884.0864059925079,63.2,100.0
885.0869801044464,63.2,100.0
886.0889649391174,63.1,100.0
887.0928602218628,63.1,100.0
888.0932078361511,63.1,100.0
889.0935869216919,63.0,100.0
890.0979194641113,63.0,100.0
891.0976269245148,63.0,100.0
892.1029050350189,63.0,100.0
893.1036033630371,63.0,100.0
894.1037158966064,63.0,100.0
895.1082253456116,62.9,100.0
896.1101739406586,62.9,100.0
897.109806060791,62.9,100.0
898.1165463924408,62.9,100.0
899.115731716156,62.8,100.0
900.1195464134216,62.8,100.0
901.1210737228394,62.7,100.0
902.1235113143921,62.6,100.0
903.1270000934601,62.5,100.0
904.1378314495087,62.5,100.0
905.1378860473633,62.4,100.0
906.1385600566864,62.4,100.0
907.1389846801758,62.3,100.0
908.1390917301178,62.3,100.0
909.1397113800049,62.2,100.0
910.1463298797607,62.2,100.0
911.147540807724,62.1,100.0
912.1593346595764,62.0,100.0
913.1728951931,61.9,100.0
914.1735763549805,61.9,100.0
915.1749970912933,61.8,100.0
916.188670873642,61.7,100.0
917.2035403251648,61.7,100.0
918.2166576385498,61.7,100.0
919.231015920639,61.6,100.0
920.2435374259949,61.6,100.0
921.2570097446442,61.5,100.0
922.2656543254852,61.6,100.0
923.277937412262,61.5,100.0
924.2886443138123,61.5,100.0
925.3000566959381,61.5,100.0
926.3136076927185,61.4,100.0
927.3226778507233,61.4,100.0
928.3229064941406,61.4,100.0
929.3239140510559,61.3,100.0
930.3341948986053,61.3,100.0
931.3357357978821,61.2,100.0
932.3495225906372,61.2,100.0
933.3633468151093,61.2,100.0
934.3738625049591,61.2,100.0
935.3767137527466,61.1,100.0
936.3818073272705,61.1,100.0
937.3925919532776,61.1,100.0
938.4023733139038,61.1,100.0
939.41477394104,61.1,100.0
940.4146678447723,61.1,100.0
941.4255774021149,61.0,100.0
942.4318385124207,61.0,100.0
943.4438354969025,61.0,100.0
944.4564301967621,60.9,100.0
945.4576427936554,60.9,100.0
946.4676365852356,60.8,100.0
947.4773824214935,60.8,100.0
948.4810981750488,60.8,100.0
949.4826362133026,60.7,100.0
950.4825384616852,60.7,100.0
951.4923586845398,60.7,100.0
952.4944198131561,60.7,100.0
953.4967603683472,60.6,100.0
954.4966518878937,60.6,100.0
955.5045595169067,60.5,100.0
956.5073282718658,60.5,100.0
957.509637594223,60.5,100.0
958.5130114555359,60.5,100.0
959.5136082172394,60.4,100.0
960.5177614688873,60.4,100.0
961.5217859745026,60.4,100.0
962.5264756679535,60.4,100.0
963.5293221473694,60.4,100.0
964.5314223766327,60.4,100.0
965.5327851772308,60.3,100.0
966.5345599651337,60.3,100.0
967.5343775749207,60.3,100.0
968.538477897644,60.3,100.0
969.5386478900909,60.2,100.0
970.5392959117889,60.2,100.0
971.5426895618439,60.2,100.0
972.5436644554138,60.1,100.0
973.5474483966827,60.1,100.0
974.5493507385254,60.1,100.0
975.5513617992401,60.1,100.0
976.5528690814972,60.1,100.0
977.5578572750092,60.1,100.0
978.5591239929199,60.1,100.0
979.561470746994,60.1,100.0
980.5632677078247,60.1,100.0
981.5685160160065,60.1,100.0
982.5722966194153,60.1,100.0
983.5743038654327,60.0,100.0
984.5785219669342,59.9,100.0
985.582151889801,59.9,100.0
986.5847961902618,59.9,100.0
987.5846047401428,59.9,100.0
988.5846536159515,59.8,100.0
989.5884175300598,59.8,100.0
990.5942783355713,59.8,100.0
991.598724603653,59.8,100.0
992.6034255027771,59.7,100.0
993.6064555644989,59.7,100.0
994.6104071140289,59.7,100.0
995.6131889820099,59.7,100.0
996.61372423172,59.7,100.0
997.6132247447968,59.6,100.0
998.618367433548,59.6,100.0
999.6224229335785,59.6,100.0
1000.6225295066833,59.6,100.0
1001.628556728363,59.7,100.0
1002.631534576416,59.7,100.0
1003.6356546878815,59.6,100.0
1004.6360986232758,59.6,100.0
1005.6412615776062,59.6,100.0
1006.6412863731384,59.5,100.0
1007.6412150859833,59.5,100.0
1008.6456246376038,59.5,100.0
1009.6467003822327,59.4,100.0
1010.6502735614777,59.4,100.0
1011.6541013717651,59.4,100.0
1012.6569013595581,59.4,100.0
1013.6574764251709,59.4,100.0
1014.6626091003418,59.3,100.0
1015.6684894561768,59.3,100.0
1016.6696791648865,59.4,100.0
1017.6709246635437,59.3,100.0
1018.6717066764832,59.3,100.0
1019.6739332675934,59.3,100.0
1020.6746270656586,59.3,100.0
1021.6761267185211,59.2,100.0
1022.679737329483,59.2,100.0
1023.6823394298553,59.2,100.0
1024.6852626800537,59.3,100.0
1025.6862816810608,59.3,100.0
1026.6892004013062,59.3,100.0
1027.6931991577148,59.3,100.0
1028.69930768013,59.3,100.0
1029.703251361847,59.2,100.0
1030.70539188385,59.2,100.0
1031.7068183422089,59.1,100.0
1032.708411693573,59.0,100.0
1033.7140982151031,59.0,100.0
1034.7185862064362,59.0,100.0
1035.720597743988,58.8,100.0
1036.7208304405212,58.7,100.0
1037.7240362167358,58.7,100.0
1038.7262935638428,58.6,100.0
1039.7261846065521,58.6,100.0
1040.7304832935333,58.6,100.0
1041.7320098876953,58.6,100.0
1042.7344906330109,58.5,100.0
1043.7381796836853,58.4,100.0
1044.7380454540253,58.4,100.0
1045.7402641773224,58.3,100.0
1046.74130320549,58.3,100.0
1047.7443385124207,58.2,100.0
1048.7470352649689,58.2,100.0
1049.7481718063354,58.1,100.0
1050.7564108371735,58.1,100.0
1051.764208316803,58.0,100.0
1052.7670547962189,58.0,100.0
1053.7709848880768,57.9,100.0
1054.7745008468628,57.8,100.0
1055.774785041809,57.7,100.0
1056.7756507396698,57.6,100.0
1057.780592918396,57.6,100.0
1058.782207250595,57.5,100.0
1059.7915484905243,57.4,100.0
1060.7952485084534,57.4,100.0
1061.7990832328796,57.3,100.0
1062.8036289215088,57.1,100.0
1063.8045403957367,57.0,100.0
1064.8059225082397,56.9,100.0
1065.806887626648,56.9,100.0
1066.811452627182,56.8,100.0
1067.8111872673035,56.7,100.0
1068.8174965381622,56.6,100.0
1069.8193414211273,56.5,100.0
1070.8195095062256,56.4,100.0
1071.8224120140076,56.3,100.0
1072.8222630023956,56.2,100.0
1073.822009086609,56.1,100.0
1074.8260402679443,56.1,100.0
1075.828642129898,56.0,100.0
1076.8306760787964,56.0,100.0
1077.8304669857025,55.9,100.0
1078.8310151100159,55.8,100.0
1079.8343908786774,55.7,100.0
1080.8351175785065,55.6,100.0
1081.8373489379883,55.5,100.0
1082.8404166698456,55.4,100.0
1083.8444101810455,55.3,100.0
1084.8443310260773,55.2,100.0
1085.8479042053223,55.1,100.0
1086.8500249385834,55.1,100.0
1087.8534786701202,55.0,100.0
1088.853957414627,55.0,100.0
1089.8617935180664,54.9,100.0
1090.86328458786,54.8,100.0
1091.8670461177826,54.7,100.0
1092.8707752227783,54.6,100.0
1093.8721523284912,54.5,100.0
1094.872309923172,54.4,100.0
1095.8787095546722,54.3,100.0
1096.8805017471313,54.2,100.0
1097.8891842365265,54.1,100.0
1098.8908376693726,54.1,100.0
1099.8950097560883,53.9,100.0
1100.9009459018707,53.8,100.0
1101.9025287628174,53.7,100.0
1102.9046800136566,53.7,100.0
1103.9065239429474,53.5,100.0
1104.9078600406647,53.5,100.0
1105.9089260101318,53.4,100.0
1106.9104218482971,53.3,100.0
1107.911881685257,53.2,100.0
1108.9182472229004,53.1,100.0
1109.9190559387207,53.0,100.0
1110.9221985340118,52.9,100.0
1111.926946401596,52.8,100.0
1112.9308767318726,52.7,100.0
1113.9342336654663,52.6,100.0
1114.9381844997406,52.5,100.0
1115.9388988018036,52.4,100.0
1116.9403474330902,52.2,100.0
1117.9470853805542,52.1,100.0
1118.9489505290985,52.0,100.0
1119.9540674686432,51.9,100.0
1120.9551599025726,51.9,100.0
1121.9583225250244,51.8,100.0
1122.9589204788208,51.7,100.0
1123.96377825737,51.5,100.0
1124.9649047851562,51.4,100.0
1125.9680621623993,51.4,100.0
1126.9688520431519,51.3,100.0
1127.9708406925201,51.2,100.0
1128.9739005565643,51.2,100.0
1129.9744274616241,51.1,100.0
1130.977302789688,51.0,100.0
1131.9791414737701,50.9,100.0
1132.9842097759247,50.8,100.0
1133.984135389328,50.7,100.0
1134.984706401825,50.6,100.0
1135.9868912696838,50.5,100.0
1136.9874711036682,50.3,100.0
1137.9900131225586,50.3,100.0
1138.9960482120514,50.2,100.0
1139.9957242012024,50.1,100.0
1141.0013015270233,50.0,100.0
1142.0016617774963,49.9,100.0
1143.004860162735,49.8,100.0
1144.0048525333405,49.6,100.0
1145.006859779358,49.4,100.0
1146.0106868743896,49.3,100.0
1147.011147260666,49.2,100.0
1148.0115892887115,49.1,100.0
1149.012725353241,49.0,100.0
1150.0137391090393,48.9,100.0
1151.018229007721,48.8,100.0
1152.0186741352081,48.7,100.0
1153.0198390483856,48.7,100.0
1154.0240869522095,48.6,100.0
1155.0291647911072,48.6,100.0
1156.0291726589203,48.4,100.0
1157.0319199562073,48.4,100.0
1158.0371251106262,48.3,100.0
1159.0400621891022,48.2,100.0
1160.0410339832306,48.1,100.0
1161.0459532737732,48.0,100.0
1162.050903558731,47.8,100.0
1163.05077791214,47.8,100.0
1164.0554854869843,47.7,100.0
1165.0590553283691,47.6,100.0
1166.0586030483246,47.5,100.0
1167.0608344078064,47.4,100.0
1168.063988685608,47.4,100.0
1169.0674860477448,47.3,100.0
1170.0677077770233,47.1,100.0
1171.0699408054352,47.0,100.0
1172.0716457366943,47.0,100.0
1173.0739362239838,46.9,100.0
1174.0748007297516,46.8,100.0
1175.0780775547028,46.7,100.0
1176.0808255672455,46.5,100.0
1177.0815653800964,46.5,100.0
1178.084635257721,46.4,100.0
1179.0906212329865,46.3,100.0
1180.0915625095367,46.2,100.0
1181.0926675796509,46.1,100.0
1182.096661567688,46.0,100.0
1183.0967304706573,45.9,100.0
1184.0987527370453,45.9,100.0
1185.103993177414,45.8,100.0
1186.1073207855225,45.7,100.0
1187.109709739685,45.6,100.0
1188.112719297409,45.5,100.0
1189.1130499839783,45.4,100.0
1190.1164107322693,45.4,100.0
1191.1172952651978,45.3,100.0
1192.1188163757324,45.2,100.0
1193.120506286621,45.1,100.0
1194.126643896103,45.0,100.0
1195.1266474723816,44.9,100.0
1196.1307940483093,44.8,100.0
1197.1335780620575,44.7,100.0
1198.1342461109161,44.6,100.0
1199.1385707855225,44.5,100.0
1200.137987613678,44.5,100.0
1201.1414813995361,44.4,100.0
1202.1461491584778,44.3,100.0
1203.1458780765533,44.2,100.0
1204.1509449481964,44.1,100.0
1205.151804447174,44.0,100.0
1206.1540122032166,44.0,100.0
1207.1555240154266,43.9,100.0
1208.1564893722534,43.8,100.0
1209.15771484375,43.7,100.0
1210.1656880378723,43.6,100.0
1211.1704926490784,43.6,100.0
1212.1734960079193,43.5,100.0
1213.1741292476654,43.4,100.0
1214.180603504181,43.4,100.0
1215.1804444789886,43.2,100.0
1216.1839339733124,43.1,100.0
1217.1878941059113,43.0,100.0
1218.1899757385254,43.0,100.0
1219.1931312084198,43.0,100.0
1220.1959524154663,42.9,100.0
1221.1992616653442,42.8,100.0
1222.1995685100555,42.8,100.0
1223.2035148143768,42.8,100.0
1224.2033309936523,42.7,100.0
1225.2073073387146,42.6,100.0
1226.2111558914185,42.6,100.0
1227.2134430408478,42.5,100.0
1228.219894170761,42.4,100.0
1229.2203834056854,42.4,100.0
1230.2207071781158,42.3,100.0
1231.2257990837097,42.2,100.0
1232.2277646064758,42.1,100.0
1233.2297203540802,41.9,100.0
1234.2330439090729,41.9,100.0
1235.232762336731,41.8,100.0
1236.2333562374115,41.7,100.0
1237.2336993217468,41.6,100.0
1238.236810684204,41.5,100.0
1239.2404615879059,41.5,100.0
1240.2423613071442,41.4,100.0
1241.243376493454,41.4,100.0
1242.2437679767609,41.3,100.0
1243.2434439659119,41.2,100.0
1244.253696680069,41.2,100.0
1245.2544689178467,41.1,100.0
1246.259658575058,41.0,100.0
1247.2612895965576,40.9,100.0
1248.2615537643433,40.9,100.0
1249.261661529541,40.8,100.0
1250.2629578113556,40.8,100.0
1251.263708114624,40.6,100.0
1252.265382051468,40.6,100.0
1253.2658483982086,40.6,100.0
1254.2674684524536,40.5,100.0
1255.2738893032074,40.5,100.0
1256.2746531963348,40.4,100.0
1257.2783651351929,40.3,100.0
1258.2789025306702,40.2,100.0
1259.283365726471,40.2,100.0
1260.2833542823792,40.1,100.0
1261.2874398231506,40.0,100.0
1262.2888391017914,40.0,100.0
1263.289887189865,39.9,100.0
1264.2913300991058,39.8,100.0
1265.292905330658,39.8,100.0
1266.2955167293549,39.7,100.0
1267.2984745502472,39.6,100.0
1268.303323507309,39.5,100.0
1269.3057615756989,39.5,100.0
1270.3097081184387,39.3,100.0
1271.3122153282166,39.3,100.0
1272.3162159919739,39.2,100.0
1273.3163361549377,39.2,100.0
1274.3174023628235,39.1,100.0
1275.3216152191162,39.1,100.0
1276.322357416153,39.0,100.0
1277.323698759079,39.0,100.0
1278.3246912956238,38.9,100.0
1279.328236579895,38.8,100.0
1280.327339887619,38.7,100.0
1281.3324897289276,38.7,33.0
1282.3322291374207,38.7,20.0
1283.3344044685364,38.7,20.0
1284.3403859138489,38.9,20.0
1285.3431577682495,39.1,20.0
1286.3476557731628,39.3,20.0
1287.351090669632,39.5,20.0
1288.352861404419,39.8,20.0
1289.3523154258728,40.1,23.0
1290.359218120575,40.3,35.0
1291.3602850437164,40.3,35.0
1292.3620567321777,40.3,35.0
1293.3659982681274,40.3,35.0
1294.3680934906006,40.3,35.0
1295.3701391220093,40.4,35.0
1296.3705775737762,40.4,35.0
1297.3767595291138,40.5,35.0
1298.3773608207703,40.5,35.0
1299.3772139549255,40.5,35.0
1300.3796808719635,40.5,35.0
1301.381352186203,40.6,35.0
1302.3849742412567,40.6,35.0
1303.3884150981903,40.7,35.0
1304.3891644477844,40.7,35.0
1305.3910241127014,40.7,35.0
1306.3910119533539,40.7,35.0
1307.3916082382202,40.7,35.0
1308.3987805843353,40.7,35.0
1309.4021270275116,40.8,35.0
1310.403154850006,40.8,35.0
1311.4095182418823,40.8,35.0
1312.4150879383087,40.8,35.0
1313.4160017967224,40.8,35.0
1314.4204087257385,40.8,35.0
1315.4224531650543,40.9,35.0
1316.4233767986298,40.9,35.0
1317.4268219470978,40.9,35.0
1318.428456544876,40.8,35.0
1319.4312624931335,40.9,35.0
1320.4393751621246,40.9,35.0
1321.4422781467438,40.9,35.0
1322.445320367813,40.9,35.0
1323.4495239257812,40.9,35.0
1324.4500782489777,40.9,35.0
1325.4511239528656,40.9,35.0
1326.4503519535065,40.9,35.0
1327.4511189460754,40.9,35.0
